id,endereço
1,TESTE
2,"rua da entidade,25"
3,Av. Augusto Antunes 337
5,Ermelino Matarazzo e comunidade vila Silvia
6,Rua Serra de LUIZ Gomes 1992 cep 08190 500
7,Rua Battista malatesta 228 Jd Guarujá
8,Av engenheiro pinto  318
9,Rua Lucas Nogueira Garcez 21
10,"Rua Artelinda Rugeri Dadato, 35 - 2andar / Bairro Cipava - Osasco"
11,Rua Júlio cenalvo 16a
12,"Rua Gitirana,200 bairro Colônia Itaquera ZL."
13,Rua Abner Ribeiro Borges 463
14,Rua Diego Sande n° 321 - Jardim Camargo Novo - Cep 08121-540
15,Av Miguel Achiole da Fonseca - 717
16,Rua Ernesto Manograsso 207
17,Rua Manuel Dias  n:22 B
19,"Avenida Acedemia de São Paulo, 715 - São da Associação"
20,"Rua Fajardo de Barros, 61 - Jd Campos - Itaim Paulista"
21,RUA MARIO SAMMARCO N.22
22,"Rua Samoa Ocidental,189- Jd São Martinho"
23,Rua Arquiteto Professor chaves s/n vielas 
24,"Rua Margot Fonteyn, 25 - CEP 08121-710"
25,Av engenheiro pinto  318
26,Rua Padre Virgílio Campelo 279
27,Rua Visconde de Guedes Teixeira 100 encosta norte
28,AVENIDA Ernesto Souza Cruz 636
29,"Rua Graciano Altierio, 49 - Casa Verde Alta  Sao Paulo-SP "
30,Rua Belem numero 4 b
31,"Travessa Rio dos Touros SN, cohab Raposo Tavares"
32,Rua presidente Dutra 120 vila São Gabriel
33,"Rua Cariacica, 59, Jd. Santa Cruz - São Paulo - CEP: 02672060"
35,"Rua Rodolfo Albino Silva, 49"
36,"rua arraial de catas altas,222. vila santa inês. são paulo"
37,"Rua Gaivota, 68"
38,"Avenida Massao Watanabe, 79 - Jardim Santa Cruz "
39,"Rua Francisco Inácio solano, 61 "
40,Avenida Corifeu de Azevedo Marques 3667 casa 2 Vila Lageado Butantã 
41,"Rua Dr Humberto cerruti,151 jardim Mabel "
42,rua serra  escalvada num 249 frente
43,"Avenida Bento de Souza, 633"
44,Rua Três Rios no 24 Bom Retiro
45,"Rua Sebastião Dias Fragoso, 33 A"
46,"Rua Xavier de Magalhães, 64"
47, Rua Alcebiades Bertolotti
48,RUA ROSE LACOMBE N 270 JARDIM BOA VISTA (SEDE)
49,"Rua São Caetano do Sul,1056"
50,"Rua Fernando de Noronha, 28"
51,
52, Jardim 
53,"Rua Iquiririm, 553 - Vila Indiana - Butantã CEP 05586-001 - Nosso ponto de coleta oficial "
54,"Rua Jeceaba, 128 - Jardim Bartira - CEP: 08160-030"
55,"Rua Sebastião Dias Fragoso, 33 A"
56,Av.Cel.Sezefredo Fagundes / Rua São Cirilo de Alexandria/Rua Gabriel Martins
57,Rua Moises Alves dos Santos.906
58,"Rua Roberto Said ,61"
59,
60,Rua estrada dom João Nery número 3676
61,Em várias localidades da cidade de São Paulo
62,R JACOME NUNES n 9 JARDIM ELZA
63,rua guaiuvira 89 jardim jaragua itaim paulista
64,Em várias localidades da cidade de São Paulo
65,Rua Malmequer do Campo 1772
66,Rua Malmequer do Campo 1772
67,Rua Vicente Avelar 85 sala 81 conjunto José Bonifácio Itaquera 
68,"RUA MANUEL CARREIRA MIGUEL,203"
69,RUA FLOR DELIS 1652 VILA BRASILÂNDIA 
70,"Próxima,a Rua Luigi de Caruso"
71,Rua Santa Marcelina 991 Vila Carmosina 
72,rua barão Antonio Benfica 35
73,rua barão Antonio Benfica 35
74,Rua: Canindé n° 83 barrio Canindé SP
75,Ocupação Alojamento
76,Bairro Rubilene
77,Cede do nova América parelheiros colônia 
79,Bairro Rubilene
80,"Rua Emilio Castro 114, Jardim Damasceno"
81,Estrada do Alvarenga próximo ao número 3792boneario são francisco
82,"Rua Jason Xavier de Barros 185, Jardim das Oliveiras , São Paulo"
83,Rua monsenhor joão batista de carvalho numero 27
84,Rua Teodoro Rodrigues 
85,"Favela do Boi, Domingos Vidigal, Terras sem Males, Ilha dos Ratones, rio de Ouro, Rua Igaraçu Vila Simone, Pque Industrial, Vielas Carlos de Campo e das Flores "
86,
87,Rua Teodoro Rodrigues 183 jd MARILU 
91,Avenida Sapopemba 11.558 loja 1 e 2
92,"Rua Santo Rizzo, 120 - CEP: 08470-250"
93,Rua três Rios 24 bom retiro
94,Estrada Santo Honório 208
95,Rua Euclides de Jesus n60 José Bonifácio 
96,rua barão Carvalho do amparo altura 18
97,"Rua Herval, 91, Belenzinho, 03062-000, São Paulo - SP"
98,Rua projetada1 568 condomínio melila 
99,"AVENIDA CELSO GARCIA, 2117, Bras, 03015-000, SÃO PAULO - SP"
100,"Rua Herval, 91B, Belenzinho, 03062-000, São Paulo - SP"
101,
102,Rua Silveira martins 72 3 andar
103,diversos ( assessoramos varias  comunidades na cidade de sao paulo)
104,"Rua Edmundo Abreu, 359 "
105,ATRAVESSA GUANHEMBU
106,"RUA EUGENIO DE ANDRADE, 307 - CASA - JD MARINGA- CEP 04814-050"
107,"Av. Jardim Tamoios, 1738"
108,Estrada dos mirandas 301...JD.DAS. Palmas
109,Rua Lucas Fernandes Pinto n 170 Parque São Rafael 
111,"Rua Santa Sofia,250 Jardim Turquesa"
112,"Rua Tomás de Santa Maria, 77 - Teotônio Vilela "
113,"Rua Madre Nineta Jonata, 126-128"
114," Rua Raimundo Figueiredo, Viela São Tomé Comunidade do Jardim "
115,"Rua manuel de teffé, N 43"
116,Rua Hélcio da Silva
117,Rua Bernardino Prudente 52
118,Rua Bernardino prudente 42
120,"Rua Bernardino prudente, 52"
121,Rua Luís bordese n 93 sala 07 alt 
123,RUA JOSÉ CARDOSO PIMENTEL  Nº 734   VILA ALABAMA    CEP 08110-490 
124,"Rua Valentim Lopes, 136 Vl Aimoré cep:08190-10"
125,"Rua Domingos Rinaldelli,1709"
126,rua maria José da conceicao  número 700 vila andrade
127,Estrada Canal do Cocaia. N. 1481
129,"Cidade Júlia,Jardim  Luso , Rua Guacuri"
130,Rua presidente Dutra 120 vila São Gabriel
131,Rua Mirassol Doeste 39 Jardim das Camélias. CEP 08050 840
132,"Rua Itanhangá, 540 CEP 02342110 "
133,"RUA JORGE CARLOS DE ALMEIDA, 30 - CEP 08390355 - JARDIM SANTO ANDRE - SAO PAULO"
136,Estrada da vaquejada
137,Rua Marcos Soares Pereira n.31 Jardim Nélia 
138,Estrada da vaquejada
139,"Rua Guaianases, nº 67, apto 810 ? CEP 01204-000 , República"
140,"Rua Windsor, 10"
141,"Cidade Júlia,Jardim Luso Av Guacuri"
142,Rua Bernardino Silva N 173
143,Rua Severino de Freitas Prestes 331
144,"Rua Armando Sposito, 65 Parque América Grajaú"
145,Rua Amanari 612 A
146,Rua mame 726
147,Rua Lucas Fernandes Pinto 170 Parque São Rafael
148,Rua Manuel da Silveira 16 Jd Vila Carrão
149,"RUA INTERATIVA, 99 AP 41 B 05"
150,Rua Afonso Dias 54 Jd Pirauama
151,Av.Intercontinental 
153,Rua:Big Boys n:356
154,RUA ALEXANDRE ARCHIPENKO 251
155,Rua Raimundo de Paula Freitas  Rua Romualdo de Sousa Brito 
156,Cecília maria das dores  n 73
157,Rua Damásio Pinto 2101 Parada XV de Novembro CEP 08247-000
158,Av Félix nascentes Pinto  106
159,"rua brook taylor, 974 - jd.nordeste"
160,"Jardim Silva Telles, Jardim Noêmia, Jardim Camargo Novo"
161,Rua Julia Mameia próximo ao numero 45 / referencia escola Estadual Dr Chrstiano
162,Bairro Jardim Eliana
163,Rua vale do sol n° 189  Bairro: Vila Brasilândia. CEP:02820070
164,Avenida Sapopemba  26.351
165,"Rua Socialista,168 CEP:04472-205 Cidade Julia Sao Paulo SP"
166,Rua Sebastião Annuciatto n.240 . Cep 05527040 jd Celeste
167,Final da rua morro das pedras 154  bairro: jd São francisco
168,Rua Engenheiro Álvaro Cunha 03
169,"RUA TARASCA, Nº 34"
170,"End. Praça Tomas Coelho de Almeida, 1315 . Bairro Jardim de Abril. Cep; 053997-140"
171,"Rua Asas Partidas, nº 35, Cidade A. E. Carvalho, CEP: 08223-410"
172,Rua Isabel Morales de oliveira Miragaia.   680
173,Viela da Paz. n.14.  Favela Mandioquinha
174,"Rua Satélite Janus, 126 CEP 04858-530"
176,Rua Thomé Guimarães 17 Jd Novo Horizonte 
180,Rua Virginia Modesto 1499
181,Rua Xopotó 30
182,"Rua Diogo Gonçalves laço,210"
183,Rua janez Novak n21a CEP 08111755 e rua Freguesia de são Romão n1427 cep08180150
184,
185,
186,Rua janez Novak n21a CEP 08111755 e rua Freguesia de são Romão n1427 cep08180150
187,Rua Estrada da Cachoeira viela 10 número 130a
188,RUA LUCÍDIO MARCONDES DE SOUZA 10 CEP 05569-060 JARDIM JOÃO XXIII
189,AV LUCILO DE ALMEIDA 414. CEP: 05.778-250 - PARQUE ARARIBA
190,"Rua Vicente Antônio de Oliveira, 04"
191,"Rua Evaldo Calabrez, 1647"
193,RUA LUCÍDIO MARCONDES  SOUZA Nº10 CEP 05569-060 JARDIM JOÃO XXIII
194,Rua araruta n 28 vila seabra
195,AV LUCILO DE ALMEIDA 414. CEP: 05.778-250 - PARQUE ARARIBA
196,"Rua Evaldo Calabrez, 1647"
197,Rua Osório Vieira Franco
198,Rua Joaquim goveia Franco 388
199,rua Luiz Rubin 125
200,Rua Boa Esperança.15.cep04851709.Av.Pres.João Goulart 971.JardinMallia.cep.04821010...Rua 3 de Outubro91 cep..08090284
206,Rua Rui Barbosa
207,"Rua terezine 113, Jardim Ideal "
208,"Rua Padre Pompeu de Almeida, 130 - Jd. Santa Bárbara - São Mateus "
209," Rua Darci Mano, 269 - Vila Odete - Guaianazes"
210,"Av. Baronesa de Muritiba, 214 - Parque São Rafael"
211,Rua Ida Vanusei Puntel 11 A Cidade Nova São Miguel  SP
214,"Rua. Forte de São Caetano,147 A"
215,Rua jose gomes de GOUVEIA N 91
216,Rua cachoeira utupiru 197 vila.nova itaim
218,elisio mendes Gaia n 286 Jardim São Carlos cidade Ademar São Paulo capital CEP 04433220
222,Rua Pedro Ran[
223,"Rua Pedro Ramazzani, 167A - Recanto Verde Sol - São Mateus"
224,Rua Arraial de Santa Barbara 971- Jd. Pedro José Nunes
225,"Rua Jean Noverre, 82 - parque dos Bancários"
226,Av:São Lázaro de Jerusalém n 11 jardim Irene Guaianases
227,"rua Ernesto Cerreti, 514 cidade Tiradentes cep 08470-220 São Paulo SP"
228,RUA :DOUTOR SAUL DE CAMARGO NEVES nº257 ( REF: DELEGACIA  24 DA AV SAO MIGUEL )
229,Travessa pau pombo 150  CEP 04849007
230,Avenida Bento Guelf 2280 complemento rua aroeira número 1
232,Rua Cassiano dos Santos 
233,"Rua Arumarana, 26 - Jd. Eliane"
234,Avenida Maria Amalia Lopes de Azevedo 4180
235,"Rua Ramondett Giacomo, 13, Vila Dalva. Cep 05397-110"
237,"Rua Teste, 123"
238,Rua Dr Otávio Lobo 261 CEP 02961-100
239,"Rua Silvestro Palma, 52-B - Vila Jaragua Pirituba "
240,"Rua Santo Rizzo, 120 - CEP 08470-250"
241,Av intercontinental 1240
242,Rua São Felipe 68 vila Maria na associação dos moradores- Cláudia Soares
243,"Av. João Peixoto Viegas, 1030"
244,Rua luis carlos de mouras campos 457 jardim ipe
245,"Rua Joaquim forzano,50 "
246,"Rua Regina Garba, 2 cep 02813-030 Jd paulistano são Paulo SP"
247,"Rua Lucinda Simões, 100 parada de Taipas- são Paulo SP cep 02815-020 - COHAB"
248,"Rua Arte do Sol, 27"
249,"Rua Manoel da Maia, 131"
250,Rua Rafael Correia da Silva 84
251,Rua Setenta e Tres 
252,"Rua Expedito Ribeiro de Souza, 30"
253,"Rua frutas de Santo Amaro,  65 A"
254,JOAO AMOS COMENIUS 849 JARDIM SAO BERNARDO 
255,Rua Amapola 232 Jd Mutinga cep 05159-000 são Paulo SP
256,Rua Toyami Suyama Número 169/179
257,"Rua Aurora do Norte ,167"
258,Rua Piassanguaba 3061
259,Av sao paulo n-700
260,Rua Tijuape número 596 
261,Rua novo oriente do Piaui 765
262,Rua José Francisco de Freitas 783 Jardim Maria Rita
263,Rua Alexandre giuste 165
264,Rua castelêndia n 106
265,Rua FranciscoNunescubas 220 apartamentos 532
266,"Rua Teofilandia 98, Jardim Inadiá, Itaim Paulista, Cep 08141-135"
267,"RUA Alayde de Souza Costa, 612"
268,"RUA Alayde de Souza Costa, 612"
269,Cidade satélite Santa Barbara
270,"RUA IAMBU, 139 - PARQUE SÃO RAFAEL-- SÃO PAULO-SP CEP 08311-210"
271,Rua Carmino Amidio 39 - Jardim Tanay - Sao Paulo - SP
272,"RUA PEDRO DA LOMBA, 139 - PARQUE SÃO RAFAEL - SÃO PAULO - SP - CEP 08311-210"
273,Rua silveira martins72 2 andar sala 22 praça da se
274,"RUA IAMBU, 395 - PARQUE SANTA MADALENA - SÃO PAULO-SP CEP 03982-070"
276,"RUA ALESSANDRO MELANI,156 JARDIM SÃO JOAO - SÃO PAULO - SP - CEP 08370-345"
278,"Rua Alice dos Santos Peixe, 1094"
280,Rua Aurélio de Campos 204 CEP 03977570
281,Referencia Av Ipê roxo Comunidade do boi
282,Av José Higino Neves 1624
283,Rua música da boa noite  
284,"Rua Forte de Trindade,77"
285,Rua Angelina aprobhato machado número 60  CEP 94416320
286,Rua monsenhor João batista de carvalho 26
287,"AV:RAGUEB CHOFFI  N: 5450  J, D  IGUATEMI  S, P"
288,Rua Martim Correia de Sá n° 134  - CEP: 08451-090
289,"Rua Vila Caiz, 68"
290,Av. Râguebi Choffi  n5450 JD Iguatemi são matheus 
292,Rua gregorio de Torres 540 sala 1
293,"Rua Flor do Lírio, s/n - Conjunto Habitacional Brasilândia B-2"
294,Av. Lourenco Cabreira 504
295,Rua Alexandre orlov 92
296,Rua do cobre 299 
297,"Rua Maria Amélia Gouvêia André, 01"
298,"Rua Nova Santa Eosa ,52 Sao Miguel Pta SP"
299,Rua Alfredo Moreira Pinto 56
300,"Rua Condessa de São Joaquim, 277. Bela Vista. São Paulo "
301,Rua Carlos Gonzalez 8 apt ¹62
302,
303,"Avenida Flor da Abissínia, 238"
304,Rua. Coronel  José Gladiador  nº264 casa 2  - CEP: 05267-000
305,
306,"Rua Alberto Lupo, 348 - Parque Bancário - São Paulo."
307,"Rua Astúrias 325, Imirim"
308,"Praça Lauda Lopes, 01 - Vila Curuça - São Paulo - SP"
309,Rua Adamus de Dore 102
310,"Rua Astúrias 325, Imirim"
311,"Rua Pau D Arco Roxo, 167"
312,Morro da Mandioca
313,Rua batista crespo 105 
315,"Avenida Flor da Abissínia, 238"
316,
317,"Avenida Flor da Abissínia, 238 Itaquera São Paulo"
318,Avenida Irmã Dulce 33A Jd dos Bichinhos
319,
320,Rua João gottzfritz filho 18
321,Rua cinturão verde 156 vila santa Inês
322,"Travessa Sene do Reino, 151"
323,"R República de San Marino, 59 - Burgo Paulista"
324, Rua Antônio de Pádua Dias 658 vila hugareza
325,"Travessa Emílio Baran,123 fundos. Cohab Taipas"
326,"Rua Valdemar Paiva Almeida, 87 - Cidade Nova São Miguel Paulista "
327,"Rua dos Tamarindos, 51 - Jardim Matarazzo CEP 03813-200"
328,"RUA:ARRAIL DE SANTA BARBARA ,831 "
329,Av D João nere
330,"Av Padre Estanislau de Campos, 379 - COHAB I"
331,"AVENIDA MARIA COELHO AGUIAR,1211 -"
332,"Avenida Carlos Alberto Bastos Machado,1120, Jardim Sete de Setembro/SP. - CEP: 04856-080"
333,"Brás, Mooca e Belém"
334,"Rua Almirante Barroso, nº 832 - Brás"
335,Travessa talismã 38
336,"Av itajuibe ,córrego Itaim Paulista "
337,"Rua Rosa Chá, 10 - Cangaíba"
338,"Comunidade, ITAOCA"
339,Rua Três Rios no 24 Bom Retiro
340,RUA COMANDANTE TAYLOR 1331
341,"Rua Fernão Mendes Pinto, 634 - Parque Buturussu"
342,"Rua Fernão Mendes Pinto, 61 - Ermelino Matarazzo"
343,RUA COMANDANTE TAYLOR 1331
344,Avenida João Caiaffa
345,Rua Cachoeira da Sorte 131
346,"Av dos Ipês, 1094 - Jardim dos Ipês"
347,Distrito de Brasilândia e Jaraguá 
348,RUA COMANDANTE TAYLOR 1331
349,Rua:Ernesto Moreira Maia 31
350,RUA VICENTE ROBERTO 153
351,Rua Alberto Borges Sorveral 50 - Parque Novo Santo Amaro - São Paulo
352,"Rua Tajal, 1010"
353,"Rua Leonor Alvim, 282 - Interlagos CEP 04802-190."
354,"Rua Nova Crixás, número 36"
355,Rua Big Boys número 356 Jd Bartira cep 08152100
357,"Avenida Sabin, 110. Parque Vera Cruz SP"
358,"Rua Leonor Alvim,243 Interlagos São Paulo"
359,"Rua Cantanhede, 300"
360,Rua Toni Gaúdio 410 CEP 05266-170
361,Rua Vicente José Cabral 142
362,"Associação dos amigos do Jardim Vila Formosa,  Av. dos pequis , 730     São Paulo- capital"
364,Jardim Camargo  Novo Itaim Paulista
366,Rua silveira pires 256
367,Rua Davad assunção Lopes
368,R. planalto. dos acantilados. 110 .cep 03981/110
369,Rua padre Antônio meroth
370,Rua Cumai 127
371,Rua paulo arentino 1153 apt 54 bloco m01
374,"Rua Cristovão Mendes, 36 Jardim São Paulo"
375,"Rua Catuné, 33, Jardim Tietê "
377,"Rua Professor Assis Veloso, 413 Jd São Vicente"
378,"Rua Ricardo Butarelo, n° 499, CEP 03813-010"
379,Rua conquista popular 11 ao lado da escola joao da silva  vila nascente Grajau
380,
381,"Avenida Nordestina, 3783 - 2º Andar"
382,"Zona Sul, Jardim das Imbuias, Jd. Iporanga, Vila São José, Vila Angelina, Jardim Real, Jordanópolis"
383,"Zona Sul, Jardim das Imbuias, Jd. Iporanga, Vila São José, Vila Angelina, Jardim Real, Jordanópolis"
384,"Rua do Mestre 44, parque de Taipas "
385,Rua Setenta e Tres 
386,Rua Jasmim de Porcelana 784
387,rua dr. aureliano da silva arruda 559
388,"RUA JOÃO DA SILVA BRAGA, 477"
389,"RUA ANTONIO CARLOS BENJAMIM DOS SANTOS, 3025"
390,rua dr. aureliano da silva arruda 559
391,AVENIDA CARLOS BARBOSA DOS SANTOS 549/551
392,"RUA LAGOA DA TOCHA, 833"
393,"Av. São João, 473 - Galeria Olido - Centro - São Paulo - CEP 01035-000"
394,Rua Augusto Cavalcante 84 praça Brasil conj residencial José Bonifácio itaquera cep 08253-110
395,Rua Augusto Cavalcante 84 praça Brasil conj residencial José Bonifácio itaquera cep 08253-110
396,Rua ida vanucci Pinto 242
397,Rua Socialista.26.Av.Gonçalo Paiva Gomes 29.a
398,Rua: Amalfi 501 (Jardim Fujihara
399,Rua João Badue n 85 setor Gráficos 
400,ESTRADA DO MESTRE 43- PARQUE DE TAIPAS.SP.CE- 02987160
401,"Periferia de Guarulhos (  Taboão, Cabuçu, Recreio São Jorge Jd.Molte Alto)"
404,"Periferia de Guarulhos (  Taboão, Cabuçu, Recreio São Jorge Jd.Molte Alto)"
405,Rua manuel plá155+
406,Outros
407,"Rua travessa cachoeira de Paulo Afonso, N° 25, Cep 08473-240 - Conjunto Habitacional Sítio Conceição"
408,Rua Francisco do Amaral 119 Vila Lais 
410,"Rua Bilac, 471"
411,"RUA MANOEL DA SILVEIRA , N° 26 JARDIM VILA CARRAOZINHO CEP 08340 270"
412,Rua estevan de araujo Almeida n674
413,"Rua Presidente Alves, 254 - Conjunto Brigadeiro Faria Lima -Grajaú São Paulo - CEP: 04840-540"
414,R Corria Lopes N 254 
415,"Rua Rio da Fronteira, 79 - Jardim Alvina"
416,
418,"Rua Tapiraí, nº 236 - Vila Isolina Mazzei, São Paulo - SP, 02083-070"
419,Rua domingos tarroso  nu:632
421,Correia Lopes no 354 
422,Rua dom Francisco Cardoso Ayres 289 Jd Cambará Butantã
423,"Rua São Pompeu, 57 - Bairro Jardim Japão - CEP 02.135-020"
424,"Rua Sapoti, 20 - Jardim Aeroporto - São Paulo - Cep: 04615-040"
425,R. planalto. dos acantilados. 110 .cep 03981/110
426,elisio mendes Gaia n 286 Jardim São Carlos cidade Ademar CEP 04433220 
427,"Rua Alcino Fidélis, 347 - Vila Nossa Senhora do Retiro "
428,Rua Araújo Gondim 345
429,"Rua Ataliba Vieira, 1034 - Vila Medeiros - CEP 02216-000"
430,"Rua Zacarias Mazel, 128"
431,Av m boi Guaçu número 622
432,"Rua Zacarias Mazel, 128"
433,Rua José Francisco Chaves 3a jardim paulistano
434,R Manoel pendrive 59
435,"Rua Major Dantas Cortez, 1.510 - Vila Gustavo - CEP 02206-000."
436,"Estr. de Itapecerica a Campo Limpo ,2048 Jd. santo Eduardo Embu das Artes SP."
437,Raimundo Pereira de Magalhães ( Capadócia ) 
438,Rua  Coelho  Lousada  1000
439,"Rua dos Jasmins, 46"
441,"Rua Maestro João Balan, 510"
442,"Rua Joaquim Gouveia Franco, 388"
443,Rua joaquim de oliveira freitas 2028 pirituba
444,"Rua Santa davina, 157 - Parque  Paulistano  São São Miguel Paulista "
445,Rua joaquim de oliveira freitas 2028 pirituba
446,"Rua bruno Cilibert, 129"
447,"Avenida Progresso, 562"
449,"Av. Dr.Guilherme de Abreu Sodre N"" 1050"
450,Rua Vercinio Pereira de.Souza 1202
451,"Av Carlos Alberto Bastos Machados, 1120 - Jd Setembro, CEP 04854-080"
452,"Rua Bartolomeu Ferrari,432"
453,"Rua das Três Marias,122 Jd Turquesa "
454,Rua Antonio fortino 06 Pargue  independência  cep 05875 220
455,Rua Antonio FORTINO no  06  Pargue independência  cep 05875 220
456,"Rua Angelo Antonelli,12- Jardim Auri Verde"
457,Rua. Valdirene 07 
458,Bartolomeu dos Santos  541
459,Via de Pedestre Vicente Alexandre número 17 blc F
460,Rua Marcio da Silva n° 86 Vila Guiomar SP
461,Rua curia 338 Sabará 
462,"Rua Professor Assis Veloso, 226 Jardim São Vicente "
463,RUA PROFESSORA DINA RIZZE 488 jardim aurora Guaianases zona leste cep 
464,Rua Cornélio Zélia 187 promorar Jd São Luiz
465,Rua Francisco Alarico Bergamo 765
466,Travessa sene do reino  151 -capão redondo 
467,Rua Fernão Sales 04 sala 04
468,"AV.GIOVANNI GRONCHI, 6195 - SALA 1308"
469,"Rua Jundiazinho, 52"
470,rua pau formiga 35
471,"RUA DR. ANDRE BRENHA RIBEIRO, 59 SALA 06"
472,Rua Salvador Zácaro 03
473,Ermelino Matarazzo zona leste 
474,Rua domingos Afonso sertão n°671
475,"Rua Araruta, 28, Vila Seabra"
476,Pedro agulha de Figueiró 19 B 
477,"Rua rio salgado, 60, União de Vila Nova"
478,Av. Lourenço cabreira altura do número 756 cep 04812-010 obs. Na quadra da praça João beiçola
479,Rua Abílio César 570
480,"Rua araçarana, 7, Itaim Paulista"
482,"Rua Rhea, 150"
484,"Rua Aristeu, 5, Vila Fanton, Perus"
485,"Rua tauro, 366"
486,Rua João Barbosa Rabelo 434
487,"Rua Campos do Jordão, 38"
488,"Rua Manoel Veloso da Costa, 46 - altos"
489,"Rua Comendador José de Matos, 350 - Vila Clarice, Rua Rouxinol, 535 - Jaguaré, Rua Franklin Magalhães, 73 - Jabaquara - Avenida São João, 588 - Centro, Rua Dr David Iampolsky, 85 - Bom Retiro - Rua Com. José de Matos, 368 - Entre o Parque do Jaraguá e rod"
490,"Rua Francisco Lobo, 10"
491,"Rua Jacira Artacho, 47 - Cangaíba "
492,Rua da Baracela 300
493,"Rua Rosa de Ultramar, 20"
494,"Avenida Rodolfo Pirani, 616"
495,"Rua Antônio Silvestre Pereira, 47"
496,Rua brigadeiro Godinho dos santos 47 
497,Rua jose Schreittmiller n 149
498,"Rua Joaquim Gouveia Franco, 388 - sala 1"
499,PRAÇA BARÃO DE ITAQUI 685
500,"Rua Dr José Cioffi, 494"
501,"Avenida Bento Guelfi, s/n Altura 1802"
502,"Rua Álamo, 01 - fundos"
503,"Rua Mendes Freire, 48"
504,Endereço rua travessa mirra 100 vila Curuçá
505,"Rua Jundiazinho, 52,  Cidade Dutra - São Paulo - SP"
506,"Rua João Alves de sena , 75 , Jd Bandeirantes "
507,Rua Francisco Bitencourt n.468
508,"Av. Bento Guelfi, 2217 - Recanto Verde Sol"
509,Rua Vicente Jorge 69
510,Rua Fontes de Roma 06  cep 05821-070 charára Santana
511,"Avenida Bento Guelfi, 2.217"
512,"RUA DOUTOR BENEDITO DE ARRUDA VIANA, 126 JARDIM SANTA JOSEFINA"
513,Rua João de Loaja 142 Jr. Primavera CEP 02755 060 são Paulo
514,"Rua Lagoa Da Serra,82 Garagem Jd Paulistano. CEP 02814-030"
515,"RUA DOUTOR BENEDITO DE ARRUDA VIANA, 126 JD. SANTA  JOSEFINA"
516,Rua Ourinhos 306 Vila Bertioga 
517,"R Glycerio Almeida Maciel, 466"
518,"Rua Firminópolis, 47"
519,Domingo de Oliveira 470
520,"RUA Fernão tavares, 123 "
521,Domingo de Oliveira 470
522,Av elisio Teixeira leite 2235/2229b
523,"Rua: Cardoso Moreira, N°555 Bairro: Jardim Olinda, Campo Limpo. "
524,"Rua Victor Bouquet, 4 a  Jardim Imbé- São Paulo- SP- cep 05863-330"
525,Manoel de Oliveira Ramos 
526,"Rua: Forte de Trindade,282 A jd. Iporã São Paulo "
527,"Rua Gervásio de Souza, 13 Parque Paulistano"
528,Rua Santa Davina 744 Parque Paulistano 
530,ESTRADA DE ITAQUERA A GUAIANAZES 2782
531,"Av Afrânio Peixoto, 506 -  Vila Paulina - Diadema  - SP"
532,Rua Luigi Bassi nº 69B - Americanópolis - São Paulo - SP - Cep 04407-110
533,Jardim keralux
534,Rua telemam147 CP 04844380
537,Rua Telemar 147
538,"Av. Adelino Jorge Montenegro,n 141"
539,Rua jose pinheiro 100
540,RUA ANTONIO TADHEO 59  SALA 1 LAJEADO 
541,Rua  araruta número  28 vila  seabra CP  08180-350
542,"Rua: Barra da Forquilha, 629"
543,Av Irmã Dulce 33A Jd dos Bichinhos 
544,Rua Soriano de Albuquerque 163.CEP05893-440
545,Rua professor José Augusto bartholo número -81 final da rua
546,Rua: Joaquim Gouveia Franco 412 A. São Mateus São Paulo
547,"Rua Narciso Araujo, 907"
548,AV EULÁLIA 352
549,ESTRADA DE ITAQUERA GUAIANASES 2782  
550,"RUA Alayde de Souza Costa, 612"
551,Rua coriolano durand 
552,Av Roland Garros 1065A jd Brasil Violão 
553,Tietê 699 - vila Seabra São Paulo
554,"Rua Reverendo Carlos Wesley,336"
555,"Rua Antônio Ramos dos Reis, 192"
556,Av Mariana Caligiori Ronchetti 
557,"Rua HerculanoJosédos Santos, 40. B"
558,Rua do Campinho n 39  Bairro Engenheiro Goulart CEP 03726-055
559,"Rua Teofilândia 98 ,Itaim Paulista cep 08141-135"
560,Travessa de manacá 146
561,Rua estevan de araujo Almeida n674
562,"Av. Santa Mônica, 525"
563,"rua Capela da Lagoa, 518"
564,"RUA:CANINDÉ 83, BAIRRO: CANINDÉ ,CEP 03033-000"
565,Rua General Mello Rezende 200
566,Rua Luiz de Almeida Fernandes 230
567,Avenida Sapopemba trinta mil cento e catorze
568,R Luiz Maria Soares 168casa 1
569,Associação de mulheres Boulevard da paz rua João de Almada número 228
570,Rua jornalista marsial s/n
571,"Comunidade Cidade Azul ,comunidade Santos ,Vila campestre "
572,"Rua Serafim Augusto lopes, 63   CEP   03717-080f"
573,"Av.Francisco Machado da Silva, 648 Jd.Antártica"
574,Rua Francisco Nunes cubas
575,"R. Alice Candida da Silveira, 12"
576,"Rua Variações Musicais, 100"
577,"R Antonio Ramos Junior, 467"
578,"ENDEREÇO DA ONG RUA ITAJUIBE, 2245 - JD NÉLIA - ITAIM PAULISTA"
581,Favela
582,Rua dos condoreiros 275
583,Trabessa terra tombada 659
584,"AVENIDA Visconde do Rio Grande, 215 Jd. São Jose"
585,"Rua Benedito Leal, 245 - Artur Alvim - São Paulo - CEP 03567-060      -   SEDE"
586,"Rua joão Rosa, 57"
587,"RUA RUABENS FRAGA DE TOLEDO ARRUDA, 778 SALA 89 BLOCO B"
590,"Rua Antônio Burlini, 1000 Jd São Judas Tadeu - extremo sul de São Paulo "
591,"Avenida Túlio Teodoro de Campos, 55, Jabaquara"
592,Travessa cachoeira de Paulo Afonso 25
593,"Estrada das taipas, 1002"
594,Avenida Flor da Abissínia 238
595,Rua  Vicenti.Mazetti   128
596,Av aguiar da beira 15 B favela ao lado
597,Rua Frei Mateus de Assunção 292    /   cep  08320-590 Pq: São Rafael São Mateus-SP
598,"Rua Carl Weiss, 267"
599,Rua Marechal de Mello ararigboia 189 Vila Francos 
600,Rua Canários número 17 antigo 216
601,Rua pedro maciel 109
602,Rua pedro maciel 109
603,Ocupação Alojamento
604,Rua Edgard leuroth 85 Alojamento
605,"Rua Gaspar do Rego Figueiredo, 518"
606,RUA Peixoto Werneck 165 sala 6 Artur Alvim 
607,Rua das usinas 307
608,"Rua Francisco Cardoso Junior, 19 - CEP 08421-105 - São Paulo/SP"
609,Rua carlos reverendo wesly 336
610,"Rua Antônio Silvestre leite 233, tanquinho,  ferraz de vasconcelos "
611,Rua monsenhor paulo Fernandes de Barros 28
612,Imirim
613,Rua Custódio Mesquita 99
614,"Rua Ernesto Van Dyck, 351"
615, Vitória do espírito santo comunidade da coca cola
618,"Avenida São Paulo, 700."
619,"Rua Frederico Esteban Júnior, 182"
620,RUA doutor Azevedo Lima 86
621,R. Flor de Lis ( Morro do Piolho da Vila Brasilandia)
622,RUA VALKIRIA 91
623,Estrada Aricanduva 82
625,Rua São Roque de Minas 398  Jd. Antártica Cep 02679-110
626,"Av. Canal de Tutoia, 12 - A jd.camargo novo - Itaim Paulista "
627,"Rua Mário wilches,12 b"
629,"Estrada Canal do Cocaia, 5950 - Jd. Gaivotas - São Paulo - SP  "
630,"Rua Tenente Odilon Raposo, 01 CeP 04855-250  ( fundos da Sociedade )"
631,Rua Marechal de Mello Ararigboia 189 Vila Francos 
632,Travessa estrela n28
633,Estrada do Jaceguava 2004
634," Rua Neve na Bahia, 18 - CEP 08257-110 "
635,"RUA ,CULTURA POPULAR,  N° - 161 B JARDIM ARISTOCRATA "
636,"Av Água Vermelha, 11B - Villa Nova Curuçá - São Paulo - SP - 08031-080"
637,Moisés de corena 1501
638,RUA CAMPINAS DO PIAUÍ 330 AS FAMÍLIAS RETIRAM E COMUNIDADE PQ BOA ESPERANÇA
639,RUA ANTONIO PEACCI Nº 100
640,Rua Quimili 511
641,"Rua Antônio Lopes de Medeiros,274 Jd Eliana"
642,Rua Juritis n:71 Vagem Grande (Parelheiros) CEP 04895240
643,"Jardim mirin,ermelindo matarazzo "
644,"RUA CIDADE DOS REIS, 103 - JARDIM MARGARIDA - SÃO PAULO - SP. CEP. 08191-090"
645,"Rua Adobe, 48, próximo a Estação Jardim Romano da CPTM"
646,Rua Três Coarações nº 500
647,R:Henrique Hessel 3078
648,"Rua Clorindo de Oliveira Caje, 25 - Jardim Nelly Butantã"
649,"Rua Fernão Mendes Pinto, 634 - Ermelino Matarazzo"
650,"Rua Augusto Conradi, 28"
651,Rua Andreia de Firenze  71
652,rua padre FranciscoVeloso n300
653,"Rua das Tres Marias,122 Jardim Turquesa cep 05874-180 SP"
654,Rua Jose Teodoro de Lima 29
655,"Rua Rodrigues Caldas, 142, Jardim Vera Cruz SP."
656,Travessa vilma flor 786   Terra prometida         Cep 09473440
657,"Rua Manoel Guilherme dos Reis, 438"
659,"Rua Daniel Cerri, 1138, Jd. Paraná, CEP- 02876-170"
660,Rua genario olavide 204
661,"Avenida Manoel da Maia, 129"
662,"Rua: Bispo e Martins, 17"
663,Rua Maria Amélia Gouveia André 158
664,"RUA SERAFIM AUGUSTO LOPES,63. CEP. 03717/080"
665,Colônia japonesa Chubei Takahashi 
666,"Rua Francisco Inácio Solano, 61"
667,Rua Manoel Bueno da Fonseca 503 A 
668,"Rua Bruno Zabala, n° 106 sala 03, CEP 08250-590 Itaquera - Conjunto José Bonifácio - São Paulo - SP"
669,RUA SABIA LARANJEIRA 758 SAO MIGUEL PTA
670,"Avenida Túlio Teodoro de Campos, 55, Jabaquara"
671,"Rua Argentina, 41"
672,Jardim Dona Sinha / Jardim Imperador 
673,Rua Pedro Osório filho 995 
674,"Rua Jaime ovale, 43a"
675,Rua João Pires Monteiro 401 
676,"rua Almirante Oliveira Pinto,53 fundos"
677,Julio maciel 428
678,"Rua Jacinto Pereira, 726"
679,Rua Luis Baldinato
680,Rua três Rios 24 bom retiro
681,Raio de 6km do endereço da instituição  ( zona norte)
682,"Travessa Sene do Reino,162, Cohab Adventista,05868-230 /Rua Integrada,300, CEP 05868-670"
683,"Rua Josino Mendes de Alvarenga Freire, 85, Casa 1, CEP- 03.945-080, Jd. Tiête"
684,Raio de 6km do endereço da instituição  ( zona norte)
685,RUA PLANALTO DOS ACANTILADOS   110  PARQUE SANTA MADALENA  comunidade  santa madalena  maria terezina Iguaçu jardim  anjela e outros cou
687," Praca Padre Joao Bosco Penido Burnier, 740, jardim julieta, são paulo sp"
688,"Fazenda da Esperança sagrada família Parelheiros, Estrada do taquaral,250"
689,Rua jose gomes de GOUVEIA N 91
694,"Rua Ramos de Oliveira, 88 - Limoeiro -  Vila Jacuí"
695,Bandeirantes 
696,Av. Agua vermelha. Particular 7 n 2 D. Jardim Robru.  CEP. 08031-080 - São Paulo 
698,Rua coriolano durand 
699,"Rua Maria Amália Lopes de Azevedo, 4.180. Jd. Filhos da Terra -  CEP 02318-000  SP"
700,"rua silveira martins,131, sala 21"
701,Rua Alberto buriti 39
702,Avenida Muzambinho 221
703,Rua Coriolano Durand 23A
704,Rua Grevilha com Dominico el Pane Lucas Lussius
705,"Rua Cabeceiras de Basto, 90"
706,"Rua Nossa Senhora Aparecida,01 "
707,"Rua Capitao Salomão,55-centro- São Paulo -cep-01034-020"
708,Rua Leopoldo de Freitas 444 Vila Centenário 
709,Rua Antonio Fontana n°551
710,"Rua: Atica, 577 - Jd.Brasil"
711,Av Interlagos
712,"Rua João Scatamacchia, 696 "
713,"Rua Carlos Palagreco, 48 Jd Nove de Julho"
714,"Rua Francisco Correa Vasquez, 52"
715,Expedito de Oliveira Santos 269
716, Endereço Rua Maues 293 Vila Prado Bairro do Limão 
717,Av Francisco Rodrigues 371
718,"Rua Pastor Agenor Caldeira Diniz, 495"
719,Rua Vicentinha C. Ferreira N
720,Rua Guilherme de Poitiers 185
721,"Rua Tancredo Neves 53, Jardim Novo Carrão cep 03908-045"
722,Jd Orion
723,"R. Pedro Klein do Nascimento, 20 - Parelheiros, São Paulo - SP, 04890-370"
724,"Rua João Joaquim Alão, 04 - Vila Inacio - Perus"
725,"Rua turquesa 19, Jd comercial."
726,"Rua Otelo Augusto Ribeiro, 592 - Guaianases"
727,Rua Carlos Facchina 891
728,"Rua: Israel , 24 Jardim Uniserve "
729,Jardim Dona Sinhá/ Favela 
730,Favela pantanal 
731,"Avenida Antonio Ramiro da Silva, 466"
732,Rua luis carlos de mouras campos 457 jardim ipe
733,"Rua Tijuco da Serra, 224"
734,"Avenida Engenheiro Heitor Antônio Eiras Garcia ,7800"
735,"Rua fermentelo , 16"
736,Rua Falkenberg número 07
737,"Rua Carlantonio Carlone, 102 - Jardim Jaqueline CEP 05529-000 São Paulo "
738,Estrada do campo limpo 1100
739,RUA MAJOR DIOGO 285
740,"Rua Caitutu , "
741,"Rua Caitutu , "
742,"Bairro São Mateus, Jardim cinco de julho"
743,"rua japichaua, "
744,Rua Peixoto werneck  433  bairro de artur alvim
746,"Rua Ipê Roxo,1308"
747,Rua Rafael correia da silva 84
749,Rua João Batista Barroso Filho n?183
750,Pq. Bancário 
751,Favela Tangara/ Jardim Sinhá 
752,R: carnaval 219
753,"Avenida Guarapiranga, 3658"
754,Emílio castro 437 Jardim damasceno 
755,Rua Galvão Bueno n ° 782 - Sindicato dos Metalúrgicos
756,Rua das crianças  Jardim Sao Martinho
757,Rua Conego Antonio Manz 43
758,Francisco Morato bairro Água vermelha rua Francisco Lupianhes Romero n 264
759,Rua fulgêncio vertelo 24
760,Rua Visconde de Souza Franco/ Jardim Sinhá / Buraco do tatoo
761,Rua Salvador Mota/casinhas São Nicolau/Favela da Coral
762,Rua Dr. Gustavo da Veiga n. 38
763,"Rua Tenente Sotomano, 1209 Jardim Brasil Cep. 02226-000"
764,"Rua Estevam de Araújo Almeida, 692 parada IX novembro -SP"
766,Rua Barão Carvalho do Amparo 37 B
767,Av D João nere jardim bartira
768,Rua Taimir n 01 jd universal
769,Rua fontes de Roma no 6 charara Santana
770,Rua fontes de Roma no 6 charara Santana
771,"Rua vergueiro, 1803 salas 2/3"
772,Av Félix nascentes Pinto 106Jardim Helena 
773,Av Félix nascentes Pinto 106Jardim Helena 
774,"Rua Dr. Gustavo da Veiga,38"
775,"R. Domingos de Martins Pacheco, 51"
776,"Rua Mangualde, 25 Parque Santo Antonio. São Paulo/SP Cep 05851-260"
777,"Rua Alabano , 126  Jd do Russo Perus - SP - 05205 - 240"
778,"Rua João Gottzfritz Filho, 18 , Jd Régis, São Paulo SP"
779,"R. Dr. Alexandre Kalil Yazbek, 35 - Praia do Leblon, São Paulo - SP, 04474-370 Telefone: (11) 5672-8095,  R. Guido Frederico João Pabst, 50 - Nova Piraju, São Paulo - SP, 04633-080 Telefone: (11) 5094-0725,  Rua Cataguaz, 208 - Ibirapuera, São Paulo - SP,"
780,Rua Travessa Jóia do Cabo Nº 17 ? São Paulo ? SP -  CEP: 08150-690 
781,"Rua Victório Santim, 1511, Vila Carmozina, Itaquera, São Paulo "
782,RUA DO CAMPINHO Nº 39 BAIRRO ENGENHEIRO GOULART CEP 03726-055
783,RUA DO CAMPINHO Nº 39 BAIRRO ENGENHEIRO GOULART CEP 03726-055
784,Rua Nova do Tuparoquera 1750
785,"As famílias beneficiadas são moradoras da ocupação Jd Vila Bela, e bairros  Jd Vila Carrão, Vila Ester e Jd Santa Barbara  em São Mateus -SP"
786,"Rua Jorge Ogushi,671"
787,Rua acarirema 84 jardim das rodas São Paulo- só 
789,Rua Antonio FORTINO no  06  Pargue independência  cep 05875 220
790,"Rua Estevan de Araújo Almeida,674"
791,"Rua Guapimirim, 278 - Jardim Popular - CEP: 03672-040"
792,Rua Martimperere n°18 Jd Vista Alegre
793,Rua Safira Azul n° 48 Jd Paulistano
795,Rua Peixoto Werneck 433
796,"Rua Padre Anthony Sammut, 86"
797,Rua riacho dos machados 973 
798,"Estrada dom João Nery, 3201"
799,Rua manoel Rodrigues santiago 88 bloco 1 b 
800,"A distribuição das cestas básica pelo Instituto, possui 5 pontes fixas de entrega e mais as pessoas que moram no entorno do Instituto que buscam mensalmente estas cestas"
802,JOAO AMOS COMENIUS 849-JARDIM SÃO BERNARDO
803,Rua Leonel Ferreira /Ponte Rasa /Rua Agreste de Itabaiana /Vila União
804,"Rua Marabá, 08 ? Jardim Manacá da Serra ? CEP: 04884-000 ? São Paulo - SP"
805,"Rua Otusco, n. 42 - Bairro Santo Amaro - Cep 05.797-430"
806,"Rua Madre de Deus, 1525 - Mooca"
807,Rua guassantungas 327
808,"Região de Parelheiros (SP, zona sul"
809,Rua riacho dos machados 971
810,"Rua Camacam, Rua Martinho de Campos, Rua Botocudos, Rua benedito Campos de Moraes, Rua Araguatins, Rua Bartomolou Paes, Rua Alvarenga peixoto"
811,"Rua Frei Francisco, 226. Jardim Helena. Escritório da Ong"
812,"Rua Roberto Medeiros, 204"
813,Rua vovó Carolina N° 64 
814,Rúa tiniciro icibasi 1067
815,"Estrada Dom João Nery, 2404 Jardim Bartira/Itaim Paulista"
816,"Alziro Pinheiro de Magalhães,1037 e 1039"
817,"Av. Bras Leme, 2241 - Cj 41 - Santana - Cep. 02022-010 - São Paulo - SP"
818,"Estrada do Alvarenga 3865, travessa Nova Dorotéia"
819,Rua Marcos Soares Pereira n.31- Sala 01- Jardim Nélia CEP 08142-005
820,"Rua Teodoro Sampaio, 282 - Sala 4 - Jardim Paulista - Cep. 05406-000 - São Paulo - SP"
821,Av metalurgicos 1065
822,Rua Guarapiranga 349
823,Favela Toystoy / Rua Manoel de Arruda Castanho 
824,"RUA OCAPEGUARA, 84 JARDIM UMARIZAL - SÃO PAULO"
825,Rua Joaquim Guimarães Rua 385bloco10  apto10 CEP 05574010
826,"RUA MAFRA, 57- CEP 0932-440, BAIRRO: ESTORIL -SÃO BERNARDO DO CAMPO"
827,JARDIM FILHOS DA TERRA - SP
828,"Av. Pires do Rio, 3.185 - Jd Norma- Itaquera- SP"
829,Rua Aurélio Neves 197
830,RUA SERNAMBI Nº87 VILA PENTEADO
831,Travessa Palma de santa Rita n 20. Casa 9
832,"Rua fontes de Roma, número 6. Chácara Santana. CEP: 05821070"
833,RUA SERNAMBI Nº87 VILA PENTEADO
834,Estrada João Nery. 4375
835,"RUA JOSÉ ANTONIO VALADARES, 1689"
836,"JD, Vista Alegre "
837,RUA SERNAMBI Nº87 VILA PENTEADO
838,Rua Pastor João Gomes Pereira
839,"Rua Jorge Carlos de Almeida, 30 cep 08390355 São Paulo"
840,"Rua Arnaldo Cintra, 416, Bloco 1, Ap. 95"
841,Rua Mongaguá 361
842,"Centro.Comunitario Aguas Espraiadas - Rua:Atica, 577.- Jd. Brasil"
843,Rua Conjunto da Paz 39H Jd Mirian II 08142-360
844,Rua José Francisco Lopes 553 Vila Nhocune cep 03562040 São Paulo- Sp
845,"Avenida Nordestina, 3783 - 2º Andar"
846,Rua Oscar Pander 
847,R: Oscar Pander
848,Rua Chales Rosen Travessa Bahia n?14 bairro JARDIM GAIVOTAS 
849,"Rua Fajardo de Barros, 61 - Jd Campos - Itaim Paulista"
850,Av. Miguel conejo 20 freguesia do Ô São Paulo
851,Rua Alcidio Gomes N 103
852,"Estrada do M'boi Mirim, 1060, Bairro: Jardim das Flores, CEP 04905020"
853, Rua jose alves de sena 120 Jardim iguatemi
854,Rua alexandre groppali 215
855,"Rua Maria Amália Lopes de Azevedo, 4.180. Jd. Filhos da Terra -  CEP 02318-000  SP"
856,Projeto fazendo a diferença.. Centro de São Paulo.. Jardim São Luiz.. 
857,RUA ITAPIRU 137
858,Rua do outono 410
859,Rua 26 de abril 117 Na sede ou no espaço social da sede rua do lado
